{"v":"5.6.5","fr":30,"ip":0,"op":120,"w":32,"h":32,"nm":"infinity","ddd":0,"assets":[],"layers":[{"ddd":0,"ind":1,"ty":4,"nm":"infinity","sr":1,"ks":{"o":{"a":0,"k":100,"ix":11},"r":{"a":0,"k":0,"ix":10},"p":{"a":0,"k":[16,16,0],"ix":2},"a":{"a":0,"k":[16,16,0],"ix":1},"s":{"a":0,"k":[100,100,100],"ix":6}},"ao":0,"shapes":[{"ty":"gr","it":[{"ind":0,"ty":"sh","ix":1,"ks":{"a":0,"k":{"i":[[2.063,2.223],[2.538,-2.539],[-2.538,-2.54],[-2.442,2.631],[-2.049,2.236],[-2.538,-2.539],[2.539,-2.54],[2.425,2.647]],"o":[[-2.442,-2.631],[-2.538,2.538],[2.538,2.538],[2.063,-2.222],[2.425,-2.647],[2.539,2.538],[-2.538,2.538],[-2.049,-2.235]],"v":[[-3.264,-3.903],[-13.15,-4.596],[-13.15,4.597],[-3.259,3.897],[3.254,-3.893],[13.149,-4.596],[13.149,4.597],[3.259,3.898]],"c":true},"ix":2},"nm":"Path 1","mn":"ADBE Vector Shape - Group","hd":false},{"ty":"tm","s":{"a":1,"k":[{"i":{"x":[0.3],"y":[1]},"o":{"x":[0.3],"y":[0]},"t":0,"s":[0]},{"i":{"x":[0.3],"y":[1]},"o":{"x":[0.3],"y":[0]},"t":20,"s":[90]},{"i":{"x":[0.833],"y":[1]},"o":{"x":[0.3],"y":[0]},"t":53,"s":[90]},{"t":89,"s":[0]}],"ix":1},"e":{"a":0,"k":100,"ix":2},"o":{"a":1,"k":[{"i":{"x":[0.833],"y":[1]},"o":{"x":[0.3],"y":[0]},"t":0,"s":[0]},{"t":89,"s":[1440]}],"ix":3},"m":1,"ix":2,"nm":"Trim Paths 1","mn":"ADBE Vector Filter - Trim","hd":false},{"ty":"st","c":{"a":0,"k":[0,0,0,1],"ix":3},"o":{"a":0,"k":100,"ix":4},"w":{"a":0,"k":2,"ix":5},"lc":2,"lj":1,"ml":10,"bm":0,"nm":"Stroke 1","mn":"ADBE Vector Graphic - Stroke","hd":false},{"ty":"tr","p":{"a":0,"k":[16,16],"ix":2},"a":{"a":0,"k":[0,0],"ix":1},"s":{"a":0,"k":[100,100],"ix":3},"r":{"a":0,"k":0,"ix":6},"o":{"a":0,"k":100,"ix":7},"sk":{"a":0,"k":0,"ix":4},"sa":{"a":0,"k":0,"ix":5},"nm":"Transform"}],"nm":"infinity line","np":3,"cix":2,"bm":0,"ix":1,"mn":"ADBE Vector Group","hd":false},{"ty":"gr","it":[{"ind":0,"ty":"sh","ix":1,"ks":{"a":0,"k":{"i":[[2.063,2.223],[2.538,-2.539],[-2.538,-2.54],[-2.442,2.631],[-2.049,2.236],[-2.538,-2.539],[2.539,-2.54],[2.425,2.647]],"o":[[-2.442,-2.631],[-2.538,2.538],[2.538,2.538],[2.063,-2.222],[2.425,-2.647],[2.539,2.538],[-2.538,2.538],[-2.049,-2.235]],"v":[[-3.264,-3.903],[-13.15,-4.596],[-13.15,4.597],[-3.259,3.897],[3.254,-3.893],[13.149,-4.596],[13.149,4.597],[3.259,3.898]],"c":true},"ix":2},"nm":"Path 1","mn":"ADBE Vector Shape - Group","hd":false},{"ty":"st","c":{"a":0,"k":[0,0,0,1],"ix":3},"o":{"a":0,"k":100,"ix":4},"w":{"a":0,"k":2,"ix":5},"lc":1,"lj":1,"ml":10,"bm":0,"nm":"Stroke 1","mn":"ADBE Vector Graphic - Stroke","hd":false},{"ty":"tr","p":{"a":0,"k":[16,16],"ix":2},"a":{"a":0,"k":[0,0],"ix":1},"s":{"a":0,"k":[100,100],"ix":3},"r":{"a":0,"k":0,"ix":6},"o":{"a":0,"k":30,"ix":7},"sk":{"a":0,"k":0,"ix":4},"sa":{"a":0,"k":0,"ix":5},"nm":"Transform"}],"nm":"background","np":2,"cix":2,"bm":0,"ix":2,"mn":"ADBE Vector Group","hd":false}],"ip":0,"op":120,"st":0,"bm":0}],"markers":[]}